true,hybrid,strata
10494545.0,13603861.129368993,Q1
4500.0,759019.0324688343,Q3
615752.0,11527004.576376937,Q5
5000.0,683419.856582289,Q3
957744.0,3873051.001380348,Q2
312642.0,3659627.378959386,Q4
10079201.0,39834975.947689414,Q5
1.0,1482259.0165921575,Q1
17506878.0,20537604.81983404,Q2
100.0,542527.2936955483,Q2
158256993.0,78846701.34208263,Q1
8400000.0,9247626.780363474,Q5
500000.0,2360631.7146320627,Q4
6512004.0,7752384.894541919,Q4
2500000.0,3860820.574953718,Q4
100000.0,3238056.220904881,Q3
280.0,707317.2512883322,Q2
19700000.0,10575581.0348397,Q5
1000000.0,710571.0087328168,Q3
33422806.0,28095282.72279069,Q1
3145.0,3157584.5497086844,Q3
140666.0,12215934.122199949,Q5
6000.0,1247416.984070442,Q3
113000.0,1263189.2952215536,Q3
15151736.0,8248146.445639247,Q1
3168000.0,9017354.051384645,Q1
9000000.0,4317533.835594991,Q4
500.0,542524.5031086096,Q2
28951.0,2519338.547697599,Q4
8586944.0,55627386.95197486,Q1
4611.0,8558346.494779024,Q1
500000.0,3371806.082220393,Q3
15020702.0,91831811.50752479,Q5
41412264.0,27385927.751818605,Q5
191051.0,2735493.511112662,Q3
165.0,8526291.846567772,Q1
4530929.0,8970099.985686336,Q1
500000.0,2614382.758178351,Q4
2950.0,748232.103485074,Q3
184724494.0,105859756.09843683,Q5
79275328.0,63889169.11931965,Q5
33187.0,9712351.8992444,Q2
55003890.0,140919066.94448945,Q5
1.0,542526.5666774549,Q2
12000000.0,8474560.070437994,Q1
7000000.0,-1005824.1162440926,Q3
1657449.0,39602582.872067966,Q1
675000.0,3572091.2901060176,Q3
78655.0,6685203.717137267,Q3
1543385.0,8407548.440109748,Q1
50000.0,713448.7577151747,Q3
46261438.0,99578841.93833917,Q5
78000.0,2453291.2516861027,Q4
351266433.0,157845065.89165384,Q5
16215856.0,8052521.316325786,Q1
703.0,958057.1263037699,Q3
71.0,542527.2936955483,Q2
29000301.0,9568992.485554527,Q1
9804775.0,8934982.893848605,Q1
10000.0,4613282.735267,Q3
5000000.0,17444296.560742434,Q1
10000.0,735607.1854132569,Q3
30000.0,745908.9230097444,Q3
2566717.0,8318820.233076252,Q1
2156000.0,11232898.776627813,Q1
3000000.0,6603014.197008012,Q3
10.0,542527.2936955483,Q2
5672031.0,14516138.04421244,Q4
1345315.0,8446146.456813162,Q1
1600000.0,5080961.158374334,Q3
3100000.0,3245321.4084304846,Q4
133511855.0,114914032.70082933,Q5
78608288.0,58809342.32448429,Q5
10000000.0,3853557.1003878973,Q4
2800000.0,3203308.704010414,Q4
60330833.0,24194367.411294434,Q1
37713879.0,91666224.17407161,Q5
100000.0,11925252.872497296,Q5
2225698.0,24234251.02433456,Q1
20.0,542527.2936955483,Q2
3087982.0,2472234.9082053266,Q4
462107.0,3451068.036355571,Q4
15000.0,765714.2124475536,Q3
500000.0,2458092.401572518,Q4
13249535.0,15586314.104381243,Q5
19.0,3046931.127586647,Q2
546904.0,7720603.631880829,Q1
1500000.0,2480949.0075739045,Q4
76858273.0,57306091.09184562,Q5
9.0,7578223.715667576,Q2
2067940.0,3237316.0830032313,Q2
540000.0,3245375.6225327714,Q3
1.0,542527.2936955483,Q2
41063475.0,23722698.563054584,Q4
13000000.0,3497802.6013860246,Q4
6203044.0,13736458.671687901,Q5
4026795.0,7549311.993844088,Q4
10.0,13828399.90518424,Q2
702851.0,2691303.022535417,Q1
200000.0,3061854.851077741,Q3
6.0,8668264.425325586,Q1
2900000.0,9493323.33706781,Q1
10000.0,742720.2680382724,Q3
2300000.0,10382899.509044457,Q1
284881603.0,165931779.5298007,Q5
9.0,509152.34927466215,Q2
56241417.0,10887719.138546135,Q1
125983972.0,19627997.584405478,Q2
300000.0,3513133.405563396,Q3
228894.0,19061593.898849968,Q1
3700000.0,2256900.074832299,Q3
50000.0,3134821.8141635214,Q4
5399340.0,13923413.234268276,Q5
7369373.0,13342795.842586279,Q1
4000000.0,3361047.8628837196,Q4
700381748.0,363975284.69991374,Q5
30000.0,1913066.524317768,Q3
16559.0,13362194.169994742,Q1
2049844.0,17945004.858864684,Q2
24.0,649310.241297416,Q2
8654110.0,8594894.810249101,Q1
24400000.0,3536188.375206458,Q4
3300000.0,2554660.2217955627,Q4
20725409.0,16358748.732902378,Q2
13975.0,9594484.533822745,Q2
3.0,696335.5384108883,Q2
2000000.0,2388200.3430636576,Q4
382454.0,2470851.3666777103,Q4
55000.0,1909579.9394455831,Q3
8838757.0,2390826.5665090205,Q1
6700000.0,5172877.454532442,Q1
38068353.0,14500900.23131694,Q5
3100000.0,2443825.05407679,Q4
806000.0,2952737.725381355,Q4
1782801.0,3630319.5160870776,Q4
2200000.0,3059502.1841772,Q4
15714.0,7696268.290642697,Q1
3282232.0,8114605.4837150555,Q2
1015000.0,3273264.991513644,Q4
400000.0,9260955.217730457,Q5
161626121.0,140925354.94687587,Q5
24640027.0,20093487.173143126,Q2
10000.0,742099.8587764322,Q3
150.0,539949.3972631985,Q2
100000.0,735607.1854132569,Q3
1453270.0,11425787.078431776,Q5
5000.0,758997.6916941197,Q3
1800.0,17794331.625918314,Q5
56150957.0,68171157.82763731,Q5
769481.0,49865062.431192964,Q5
21156270.0,21444606.904883146,Q5
2400000.0,8625619.610435532,Q1
500.0,759044.1089869011,Q3
9800000.0,3970433.1031603,Q4
6423381.0,17483935.849978946,Q5
78720293.0,84571706.34283769,Q5
4300.0,759044.1089869011,Q3
200000.0,3408651.25607183,Q3
21000000.0,12771097.683579758,Q5
2800000.0,3078128.619150346,Q4
1500.0,759044.1089869011,Q3
50.0,542527.2936955483,Q2
557169.0,8465195.380272882,Q1
1920000.0,2951831.0423474866,Q4
2600000.0,9053345.659214398,Q5
9600000.0,3741372.9765528776,Q4
275000.0,2687944.3769794414,Q3
10743000.0,12220717.966078844,Q5
81455.0,11273083.788813576,Q2
19.0,557319.2209581332,Q2
3900000.0,4202590.930484547,Q4
190000.0,6857875.407739077,Q3
1144000.0,3123591.8770263013,Q4
10882920.0,8314566.1181270685,Q1
128015.0,2787424.48914212,Q1
1594955.0,27542310.629899718,Q5
440.0,509152.34927466215,Q2
1000.0,741721.7185179545,Q3
500000.0,2355934.347477505,Q4
1.0,1703819.2695712445,Q1
354877.0,2481723.898386323,Q3
7700000.0,3734048.508720694,Q4
4000000.0,3844239.4768626387,Q4
2.0,2453311.6354684774,Q4
3700000.0,3085508.416743048,Q4
4444.0,2685487.127586618,Q1
204000.0,3348375.333022422,Q3
252909177.0,108343195.3915561,Q5
100000.0,739453.5552723753,Q3
1000000.0,2444061.49927375,Q4
1000.0,542525.2524779629,Q2
6069605.0,32104103.49957551,Q5
325000.0,3353558.3940201313,Q3
368307760.0,253997009.7153895,Q5
33157615.0,106639951.95144787,Q5
2000000.0,2617741.1477213325,Q4
4074023.0,9261460.465132747,Q5
1798500.0,5169858.410305206,Q2
302459.0,8598213.517823583,Q2
17.0,2920325.164157456,Q2
1200000.0,8402372.057743128,Q2
12000000.0,9312940.116223983,Q5
200.0,557754.7020221836,Q2
43000000.0,6120803.433771156,Q2
81089.0,8662644.891400516,Q2
4154000.0,11249714.222339906,Q1
489389.0,9448042.277618416,Q2
2000000.0,4835319.85825132,Q4
6011000.0,9242699.71536172,Q5
29152618.0,62453526.30119169,Q5
7518876.0,12647365.24682533,Q5
73260114.0,116610557.73942587,Q1
351839303.0,177124777.49010044,Q5
10615000.0,9164855.954514446,Q1
120000.0,3334967.037637458,Q3
10375893.0,7647969.786253885,Q2
3.0,723848.2449836832,Q3
1001305.0,7884774.613165324,Q4
20000.0,3735756.4657778083,Q3
20016254.0,9769620.40021427,Q1
31307.0,36826375.60299202,Q3
117501013.0,91465314.78343184,Q5
3000000.0,3662122.4787204345,Q4
56631572.0,52897205.63011954,Q5
5086909.0,8565840.909240155,Q1
600000.0,1861270.396187397,Q3
708973.0,20653224.57269784,Q2
292351275.0,334228762.58695805,Q5
43.0,37581642.485242836,Q1
1015744.0,11732443.871959101,Q2
7270000.0,8443417.356514484,Q1
50000.0,777257.6598473652,Q3
6191746.0,12701925.380684024,Q5
4.0,757946.4245526772,Q3
2100000.0,3067643.227142962,Q4
12638526.0,54118712.19729032,Q5
14000.0,3223895.9613108127,Q3
1.0,542527.2936955483,Q2
201055.0,7396538.073597613,Q2
500000.0,3419606.9182684044,Q3
1958955.0,5175742.201865242,Q3
100000.0,729007.649497711,Q3
6900000.0,2998237.648802963,Q4
1061.0,8412561.395682001,Q2
2400000.0,3108785.560066656,Q4
1241891456.0,1137676594.3534877,Q5
200723.0,12745562.701482741,Q1
252706.0,10179310.233824693,Q2
3700000.0,3084203.2690918287,Q4
4.0,542527.2936955483,Q2
134906.0,2270530.1923350617,Q3
1947099.0,13410662.809076145,Q1
2884265.0,20769084.75269493,Q2
18957.0,15202966.384077355,Q2
1100000.0,4029665.112173912,Q4
13107237.0,9040899.255782573,Q1
200000.0,1863718.6608348703,Q3
450.0,758997.6916941197,Q3
2727971.0,10294782.59723175,Q1
2459000.0,2983457.4047631267,Q4
48686605.0,117677172.12295769,Q5
16000000.0,20638210.580924697,Q4
29163535.0,108399858.40997693,Q5
5000000.0,5963297.269238211,Q3
676045.0,3628907.362476614,Q4
285000.0,12078758.13738897,Q5
65421267.0,26291703.63912542,Q2
340677200.0,155900518.0308064,Q5
13638.0,7681845.938167101,Q2
1029455.0,3212151.203320993,Q3
10000.0,745908.9230097444,Q3
17.0,542476.8261023897,Q2
1.0,1228343.3649943203,Q2
117000.0,1451084.2690623866,Q3
1000000.0,8490098.32695632,Q1
3000000.0,4126051.099698491,Q4
33145.0,693507.3059523382,Q3
27741.0,12587885.18411576,Q1
300.0,542526.5666774549,Q2
53431158.0,99181848.01825675,Q5
18750000.0,11350072.980186379,Q2
11000.0,745128.199234961,Q3
2000000.0,15445667.362612601,Q1
43625095.0,17201748.25368118,Q4
1.0,3170838.1585835707,Q1
160542134.0,239558709.4510044,Q5
15550000.0,11274824.060047945,Q5
80000.0,2470004.3040504637,Q4
467306.0,8734842.819675358,Q4
2066633.0,19315446.202068456,Q2
334000000.0,126374492.14539117,Q1
113484.0,11268255.635873498,Q1
188964.0,2768720.22863855,Q1
403547.0,3034208.641300254,Q4
2.0,2496406.838227788,Q1
10051659.0,31165055.33992497,Q5
855156907.0,643872754.6530504,Q5
10000000.0,9479122.62663793,Q5
432671.0,10294774.65070501,Q5
10000.0,739453.5552723753,Q3
541719.0,11445197.03099886,Q5
185576.0,9413771.158559602,Q1
408198.0,3585842.205577253,Q3
2700000.0,3259227.287360168,Q2
513447.0,11142068.422570549,Q1
17754.0,13431024.157864826,Q1
230000.0,3026218.7225124594,Q4
1013596.0,8299878.032069249,Q1
669276.0,62370544.33978559,Q5
6897446.0,32392074.485289853,Q1
3500000.0,2452799.344307269,Q4
4000000.0,7831102.663396227,Q1
1200000.0,2820855.3656343063,Q3
1500000.0,8211015.5010674875,Q2
100000.0,742099.8587764322,Q3
15.0,542527.2936955483,Q2
37.0,1297483.0036276642,Q2
5873.0,715914.0531136072,Q3
11.0,3212921.3583307154,Q2
3478368.0,7176081.075341659,Q2
418235869.0,255346840.48593646,Q5
278000.0,8434870.467336359,Q1
95589.0,4691248.801988653,Q3
100000.0,1301891.2634525616,Q3
984936.0,11932387.814032156,Q4
39.0,3773884.0553470086,Q2
212200.0,1826853.159110839,Q3
10232.0,16630036.16882888,Q1
12000.0,11536324.484180462,Q5
25.0,542527.2936955483,Q2
300.0,542526.5666774549,Q2
12421716.0,8614908.616622174,Q2
20000.0,741199.5241749217,Q3
20000.0,3480140.846696732,Q3
1240000.0,4011500.4352437314,Q4
1500000.0,2064519.9554244706,Q3
27000000.0,24205209.26634792,Q5
132675864.0,253349530.39167273,Q5
50000.0,735225.6016623235,Q3
14.0,1482561.282168028,Q1
10000.0,741199.5241749217,Q3
2400000.0,19784037.208368685,Q1
1204739.0,12944352.30557867,Q4
2505528.0,3569949.4757964667,Q4
400000.0,3524763.2364134304,Q3
30000000.0,9504879.978610823,Q2
16657800.0,15578481.91036728,Q5
3745000.0,2953384.0203175284,Q4
27814.0,1865581.0893487225,Q3
500000.0,3212633.340451598,Q3
10000.0,5865162.927136969,Q3
9600000.0,20807201.599715024,Q5
138.0,6264352.614185329,Q1
1.0,4720211.394030874,Q1
1303459585.0,1016544578.240665,Q5
400.0,883802.1622494175,Q3
3.0,87896818.78555198,Q1
160188546.0,35820236.12259805,Q2
500000.0,3051283.0033926703,Q4
34000000.0,15251682.594950674,Q5
182710.0,4407844.927569224,Q4
4372130.0,24821745.781677194,Q1
2.0,3249576.508339335,Q2
4850.0,758344.5545265995,Q3
4472886.0,4149528.2823206848,Q4
687505.0,13821670.943502814,Q1
100000.0,733451.3176993488,Q3
11303040.0,14305752.384817015,Q4
179780.0,8384023.139083489,Q1
962119864.0,574599189.5242201,Q5
3423685.0,3371980.452003388,Q4
21.0,3401624.069865288,Q2
66265218.0,37845677.67383529,Q2
11000.0,758909.494691196,Q3
1.0,1494026.029726741,Q1
1136883.0,3077389.877728866,Q2
59000.0,8495824.129932486,Q1
2500000.0,4823011.133019294,Q3
490000.0,3220266.661392932,Q4
887613.0,2949463.941868839,Q4
12000000.0,8455981.224459697,Q2
1431461.0,9297681.64294603,Q5
200.0,542524.5031086096,Q2
26877589.0,25989462.43684405,Q5
133818283.0,28984290.308968533,Q2
200.0,542527.2936955483,Q2
6300000.0,3691496.3445416433,Q4
3100000.0,3772470.7200221214,Q2
10000000.0,12634464.247565169,Q5
5000.0,758693.0764688989,Q3
26622.0,1966161.223678938,Q3
94216343.0,44964425.31020972,Q5
197621.0,8475546.336296503,Q2
14000.0,759019.0324688343,Q3
1.0,1817894.8526672088,Q1
100000.0,774127.570154986,Q3
100000.0,777107.4281246423,Q3
5600000.0,3286042.1436588224,Q4
1332459537.0,1081261633.388814,Q5
5000.0,758416.6401496088,Q3
4000000.0,8467322.27918195,Q4
